n,x,v
1,0.785398,-0.0346836
2,0.785225,-0.0693672
3,0.784878,-0.104045
4,0.784358,-0.13871
5,0.783664,-0.173358
6,0.782797,-0.207981
7,0.781757,-0.242574
8,0.780545,-0.277132
9,0.779159,-0.311646
10,0.777601,-0.346113
11,0.77587,-0.380525
12,0.773967,-0.414877
13,0.771893,-0.449161
14,0.769647,-0.483373
15,0.76723,-0.517506
16,0.764643,-0.551554
17,0.761885,-0.585511
18,0.758958,-0.619369
19,0.755861,-0.653124
20,0.752595,-0.686768
21,0.749161,-0.720295
22,0.74556,-0.753699
23,0.741791,-0.786974
24,0.737856,-0.820113
25,0.733756,-0.853109
26,0.72949,-0.885956
27,0.725061,-0.918647
28,0.720467,-0.951176
29,0.715711,-0.983536
30,0.710794,-1.01572
31,0.705715,-1.04772
32,0.700477,-1.07954
33,0.695079,-1.11115
34,0.689523,-1.14257
35,0.68381,-1.17377
36,0.677941,-1.20476
37,0.671918,-1.23552
38,0.66574,-1.26605
39,0.65941,-1.29635
40,0.652928,-1.3264
41,0.646296,-1.3562
42,0.639515,-1.38574
43,0.632586,-1.41501
44,0.625511,-1.44401
45,0.618291,-1.47273
46,0.610928,-1.50116
47,0.603422,-1.5293
48,0.595775,-1.55713
49,0.58799,-1.58466
50,0.580066,-1.61186
51,0.572007,-1.63875
52,0.563813,-1.6653
53,0.555487,-1.69151
54,0.547029,-1.71738
55,0.538442,-1.74289
56,0.529728,-1.76805
57,0.520888,-1.79283
58,0.511923,-1.81724
59,0.502837,-1.84127
60,0.493631,-1.86491
61,0.484306,-1.88815
62,0.474866,-1.91098
63,0.465311,-1.93341
64,0.455644,-1.95542
65,0.445867,-1.977
66,0.435982,-1.99816
67,0.425991,-2.01887
68,0.415896,-2.03914
69,0.405701,-2.05896
70,0.395406,-2.07831
71,0.385014,-2.09721
72,0.374528,-2.11563
73,0.36395,-2.13357
74,0.353282,-2.15103
75,0.342527,-2.168
76,0.331687,-2.18448
77,0.320765,-2.20045
78,0.309762,-2.21592
79,0.298683,-2.23087
80,0.287529,-2.2453
81,0.276302,-2.25921
82,0.265006,-2.27259
83,0.253643,-2.28544
84,0.242216,-2.29775
85,0.230727,-2.30951
86,0.21918,-2.32073
87,0.207576,-2.33139
88,0.195919,-2.3415
89,0.184211,-2.35105
90,0.172456,-2.36003
91,0.160656,-2.36845
92,0.148814,-2.3763
93,0.136932,-2.38357
94,0.125014,-2.39027
95,0.113063,-2.39638
96,0.101081,-2.40192
97,0.0890716,-2.40687
98,0.0770373,-2.41123
99,0.0649811,-2.415
100,0.0529061,-2.41819
101,0.0408152,-2.42078
102,0.0287113,-2.42278
103,0.0165973,-2.42419
104,0.00447637,-2.42501
105,-0.00764866,-2.42523
106,-0.0197748,-2.42485
107,-0.031899,-2.42388
108,-0.0440184,-2.42232
109,-0.05613,-2.42016
110,-0.0682308,-2.41741
111,-0.0803179,-2.41406
112,-0.0923882,-2.41013
113,-0.104439,-2.4056
114,-0.116467,-2.40049
115,-0.128469,-2.39479
116,-0.140443,-2.3885
117,-0.152386,-2.38164
118,-0.164294,-2.37419
119,-0.176165,-2.36617
120,-0.187996,-2.35757
121,-0.199784,-2.34841
122,-0.211526,-2.33867
123,-0.223219,-2.32837
124,-0.234861,-2.31752
125,-0.246448,-2.3061
126,-0.257979,-2.29414
127,-0.26945,-2.28162
128,-0.280858,-2.26856
129,-0.292201,-2.25497
130,-0.303475,-2.24084
131,-0.31468,-2.22618
132,-0.325811,-2.211
133,-0.336866,-2.1953
134,-0.347842,-2.17909
135,-0.358737,-2.16237
136,-0.369549,-2.14515
137,-0.380275,-2.12743
138,-0.390912,-2.10922
139,-0.401458,-2.09053
140,-0.411911,-2.07137
141,-0.422268,-2.05173
142,-0.432526,-2.03163
143,-0.442685,-2.01107
144,-0.45274,-1.99006
145,-0.46269,-1.9686
146,-0.472533,-1.94671
147,-0.482267,-1.92438
148,-0.491889,-1.90163
149,-0.501397,-1.87847
150,-0.510789,-1.85489
151,-0.520064,-1.83091
152,-0.529218,-1.80654
153,-0.538251,-1.78177
154,-0.54716,-1.75663
155,-0.555943,-1.73111
156,-0.564598,-1.70522
157,-0.573125,-1.67898
158,-0.581519,-1.65238
159,-0.589781,-1.62544
160,-0.597909,-1.59816
161,-0.605899,-1.57055
162,-0.613752,-1.54261
163,-0.621465,-1.51436
164,-0.629037,-1.4858
165,-0.636466,-1.45695
166,-0.643751,-1.42779
167,-0.65089,-1.39835
168,-0.657881,-1.36863
169,-0.664725,-1.33864
170,-0.671418,-1.30839
171,-0.67796,-1.27787
172,-0.684349,-1.24711
173,-0.690585,-1.2161
174,-0.696665,-1.18486
175,-0.702589,-1.15338
176,-0.708356,-1.12169
177,-0.713965,-1.08977
178,-0.719414,-1.05766
179,-0.724702,-1.02533
180,-0.729829,-0.992818
181,-0.734793,-0.960114
182,-0.739593,-0.92723
183,-0.744229,-0.894171
184,-0.7487,-0.860944
185,-0.753005,-0.827556
186,-0.757143,-0.794014
187,-0.761113,-0.760324
188,-0.764914,-0.726493
189,-0.768547,-0.692527
190,-0.77201,-0.658433
191,-0.775302,-0.624217
192,-0.778423,-0.589885
193,-0.781372,-0.555444
194,-0.784149,-0.520901
195,-0.786754,-0.48626
196,-0.789185,-0.45153
197,-0.791443,-0.416715
198,-0.793526,-0.381823
199,-0.795436,-0.346858
200,-0.79717,-0.311828
201,-0.798729,-0.276739
202,-0.800113,-0.241596
203,-0.801321,-0.206406
204,-0.802353,-0.171174
205,-0.803209,-0.135908
206,-0.803888,-0.100612
207,-0.804391,-0.065293
208,-0.804718,-0.0299569
209,-0.804867,0.00539021
210,-0.80484,0.0407424
211,-0.804637,0.0760938
212,-0.804256,0.111438
213,-0.803699,0.14677
214,-0.802965,0.182082
215,-0.802055,0.21737
216,-0.800968,0.252626
217,-0.799705,0.287845
218,-0.798266,0.323022
219,-0.796651,0.358149
220,-0.79486,0.39322
221,-0.792894,0.428231
222,-0.790753,0.463173
223,-0.788437,0.498042
224,-0.785946,0.532831
225,-0.783282,0.567533
226,-0.780445,0.602143
227,-0.777434,0.636655
228,-0.774251,0.671061
229,-0.770895,0.705356
230,-0.767369,0.739533
231,-0.763671,0.773585
232,-0.759803,0.807507
233,-0.755765,0.841292
234,-0.751559,0.874933
235,-0.747184,0.908423
236,-0.742642,0.941756
237,-0.737933,0.974926
238,-0.733059,1.00792
239,-0.728019,1.04075
240,-0.722815,1.07338
241,-0.717449,1.10583
242,-0.711919,1.13808
243,-0.706229,1.17012
244,-0.700378,1.20195
245,-0.694369,1.23357
246,-0.688201,1.26495
247,-0.681876,1.29611
248,-0.675395,1.32702
249,-0.66876,1.35769
250,-0.661972,1.3881
251,-0.655031,1.41825
252,-0.64794,1.44813
253,-0.640699,1.47773
254,-0.633311,1.50705
255,-0.625776,1.53608
256,-0.618095,1.56481
257,-0.610271,1.59324
258,-0.602305,1.62135
259,-0.594198,1.64914
260,-0.585952,1.6766
261,-0.577569,1.70372
262,-0.569051,1.7305
263,-0.560398,1.75693
264,-0.551614,1.783
265,-0.542699,1.80871
266,-0.533655,1.83404
267,-0.524485,1.85899
268,-0.51519,1.88355
269,-0.505772,1.90772
270,-0.496234,1.93148
271,-0.486576,1.95484
272,-0.476802,1.97777
273,-0.466913,2.00028
274,-0.456912,2.02236
275,-0.4468,2.044
276,-0.43658,2.0652
277,-0.426254,2.08594
278,-0.415824,2.10622
279,-0.405293,2.12603
280,-0.394663,2.14537
281,-0.383936,2.16423
282,-0.373115,2.1826
283,-0.362202,2.20048
284,-0.3512,2.21786
285,-0.34011,2.23474
286,-0.328937,2.2511
287,-0.317681,2.26694
288,-0.306346,2.28227
289,-0.294935,2.29706
290,-0.28345,2.31132
291,-0.271893,2.32503
292,-0.260268,2.33821
293,-0.248577,2.35083
294,-0.236823,2.3629
295,-0.225008,2.3744
296,-0.213136,2.38535
297,-0.20121,2.39572
298,-0.189231,2.40553
299,-0.177203,2.41475
300,-0.16513,2.4234
301,-0.153013,2.43146
302,-0.140855,2.43894
303,-0.128661,2.44582
304,-0.116431,2.45212
305,-0.104171,2.45782
306,-0.0918818,2.46292
307,-0.0795672,2.46742
308,-0.0672301,2.47132
309,-0.0548735,2.47461
310,-0.0425005,2.4773
311,-0.030114,2.47938
312,-0.0177171,2.48086
313,-0.00531275,2.48173
314,0.0070959,2.48199
315,0.0195059,2.48164
316,0.0319141,2.48069
317,0.0443175,2.47912
318,0.0567131,2.47695
319,0.0690979,2.47417
320,0.0814687,2.47078
321,0.0938226,2.46679
322,0.106157,2.46219
323,0.118468,2.457
324,0.130753,2.4512
325,0.143009,2.4448
326,0.155233,2.43781
327,0.167422,2.43023
328,0.179573,2.42206
329,0.191683,2.4133
330,0.20375,2.40395
331,0.215769,2.39403
332,0.227739,2.38353
333,0.239657,2.37245
334,0.251519,2.36081
335,0.263323,2.3486
336,0.275066,2.33583
337,0.286746,2.32251
338,0.298358,2.30864
339,0.309901,2.29422
340,0.321372,2.27926
341,0.332769,2.26377
342,0.344087,2.24774
343,0.355326,2.2312
344,0.366482,2.21413
345,0.377553,2.19656
346,0.388536,2.17848
347,0.399428,2.15989
348,0.410228,2.14082
349,0.420932,2.12126
350,0.431538,2.10121
351,0.442044,2.0807
352,0.452447,2.05972
353,0.462746,2.03827
354,0.472937,2.01638
355,0.483019,1.99403
356,0.492989,1.97125
357,0.502846,1.94804
358,0.512586,1.9244
359,0.522208,1.90034
360,0.53171,1.87588
361,0.541089,1.85101
362,0.550344,1.82575
363,0.559473,1.80009
364,0.568473,1.77406
365,0.577344,1.74766
366,0.586082,1.72088
367,0.594686,1.69375
368,0.603155,1.66627
369,0.611486,1.63845
370,0.619679,1.61029
371,0.62773,1.5818
372,0.635639,1.553
373,0.643404,1.52388
374,0.651023,1.49445
375,0.658496,1.46473
376,0.665819,1.43471
377,0.672993,1.40441
378,0.680015,1.37384
379,0.686884,1.343
380,0.693599,1.31189
381,0.700159,1.28053
382,0.706561,1.24893
383,0.712806,1.21708
384,0.718891,1.18501
385,0.724816,1.15271
386,0.73058,1.12019
387,0.736181,1.08745
388,0.741618,1.05452
389,0.746891,1.02139
390,0.751998,0.988064
391,0.756938,0.954558
392,0.761711,0.920875
393,0.766315,0.887023
394,0.77075,0.853008
395,0.775015,0.818836
396,0.779109,0.784514
397,0.783032,0.750049
398,0.786782,0.715448
399,0.79036,0.680716
400,0.793763,0.645861
401,0.796992,0.610889
402,0.800047,0.575805
403,0.802926,0.540617
404,0.805629,0.505331
405,0.808156,0.469953
406,0.810505,0.434489
407,0.812678,0.398946
408,0.814673,0.363329
409,0.816489,0.327645
410,0.818127,0.2919
411,0.819587,0.2561
412,0.820867,0.220251
413,0.821969,0.18436
414,0.82289,0.148431
415,0.823633,0.112472
416,0.824195,0.0764878
417,0.824577,0.040485
418,0.82478,0.00446949
419,0.824802,-0.0315527
420,0.824644,-0.0675757
421,0.824307,-0.103593
422,0.823789,-0.1396
423,0.823091,-0.175589
424,0.822213,-0.211555
425,0.821155,-0.247492
426,0.819917,-0.283393
427,0.8185,-0.319253
428,0.816904,-0.355066
429,0.815129,-0.390824
430,0.813175,-0.426524
431,0.811042,-0.462157
432,0.808731,-0.497719
433,0.806243,-0.533202
434,0.803577,-0.568601
435,0.800734,-0.603909
436,0.797714,-0.639121
437,0.794519,-0.674229
438,0.791147,-0.709227
439,0.787601,-0.74411
440,0.783881,-0.77887
441,0.779986,-0.813501
442,0.775919,-0.847996
443,0.771679,-0.882349
444,0.767267,-0.916554
445,0.762684,-0.950603
446,0.757931,-0.98449
447,0.753009,-1.01821
448,0.747918,-1.05175
449,0.742659,-1.08511
450,0.737234,-1.11828
451,0.731642,-1.15125
452,0.725886,-1.18402
453,0.719966,-1.21658
454,0.713883,-1.24892
455,0.707638,-1.28104
456,0.701233,-1.31292
457,0.694668,-1.34457
458,0.687946,-1.37597
459,0.681066,-1.40711
460,0.67403,-1.438
461,0.66684,-1.46861
462,0.659497,-1.49895
463,0.652002,-1.529
464,0.644357,-1.55876
465,0.636564,-1.58823
466,0.628622,-1.61738
467,0.620536,-1.64623
468,0.612304,-1.67475
469,0.603931,-1.70294
470,0.595416,-1.7308
471,0.586762,-1.7583
472,0.57797,-1.78546
473,0.569043,-1.81226
474,0.559982,-1.83869
475,0.550788,-1.86474
476,0.541465,-1.89041
477,0.532013,-1.91569
478,0.522434,-1.94058
479,0.512731,-1.96505
480,0.502906,-1.98911
481,0.49296,-2.01275
482,0.482897,-2.03597
483,0.472717,-2.05874
484,0.462423,-2.08107
485,0.452018,-2.10296
486,0.441503,-2.12438
487,0.430881,-2.14534
488,0.420154,-2.16583
489,0.409325,-2.18583
490,0.398396,-2.20536
491,0.387369,-2.22438
492,0.376247,-2.24291
493,0.365033,-2.26094
494,0.353728,-2.27845
495,0.342336,-2.29544
496,0.330859,-2.3119
497,0.319299,-2.32784
498,0.30766,-2.34323
499,0.295944,-2.35809
500,0.284153,-2.37239
501,0.272292,-2.38614
502,0.260361,-2.39933
503,0.248364,-2.41196
504,0.236304,-2.42402
505,0.224184,-2.4355
506,0.212007,-2.44641
507,0.199775,-2.45673
508,0.187491,-2.46646
509,0.175159,-2.4756
510,0.162781,-2.48415
511,0.15036,-2.4921
512,0.137899,-2.49945
513,0.125402,-2.50619
514,0.112871,-2.51233
515,0.10031,-2.51785
516,0.0877204,-2.52276
517,0.0751066,-2.52706
518,0.0624713,-2.53074
519,0.0498176,-2.5338
520,0.0371486,-2.53624
521,0.0244674,-2.53807
522,0.011777,-2.53927
523,-0.000919283,-2.53984
524,-0.0136185,-2.5398
525,-0.0263175,-2.53913
526,-0.0390131,-2.53784
527,-0.0517023,-2.53593
528,-0.064382,-2.53339
529,-0.0770489,-2.53024
530,-0.0897001,-2.52646
531,-0.102332,-2.52207
532,-0.114943,-2.51706
533,-0.127528,-2.51143
534,-0.140085,-2.50519
535,-0.152611,-2.49834
536,-0.165103,-2.49089
537,-0.177557,-2.48283
538,-0.189971,-2.47416
539,-0.202342,-2.4649
540,-0.214667,-2.45504
541,-0.226942,-2.44459
542,-0.239165,-2.43356
543,-0.251333,-2.42194
544,-0.263442,-2.40974
545,-0.275491,-2.39697
546,-0.287476,-2.38362
547,-0.299394,-2.36972
548,-0.311243,-2.35525
549,-0.323019,-2.34023
550,-0.33472,-2.32466
551,-0.346343,-2.30855
552,-0.357886,-2.2919
553,-0.369346,-2.27471
554,-0.380719,-2.25701
555,-0.392004,-2.23878
556,-0.403198,-2.22004
557,-0.414298,-2.20079
558,-0.425302,-2.18105
559,-0.436207,-2.16081
560,-0.447011,-2.14009
561,-0.457712,-2.11889
562,-0.468306,-2.09721
563,-0.478792,-2.07507
564,-0.489168,-2.05247
565,-0.49943,-2.02942
566,-0.509577,-2.00593
567,-0.519607,-1.98201
568,-0.529517,-1.95765
569,-0.539305,-1.93287
570,-0.54897,-1.90769
571,-0.558508,-1.88209
572,-0.567918,-1.8561
573,-0.577199,-1.82972
574,-0.586348,-1.80295
575,-0.595362,-1.77581
576,-0.604241,-1.7483
577,-0.612983,-1.72043
578,-0.621585,-1.69222
579,-0.630046,-1.66365
580,-0.638364,-1.63475
581,-0.646538,-1.60553
582,-0.654566,-1.57598
583,-0.662446,-1.54611
584,-0.670176,-1.51595
585,-0.677756,-1.48548
586,-0.685183,-1.45472
587,-0.692457,-1.42368
588,-0.699575,-1.39237
589,-0.706537,-1.36079
590,-0.713341,-1.32894
591,-0.719986,-1.29685
592,-0.72647,-1.2645
593,-0.732793,-1.23192
594,-0.738952,-1.19911
595,-0.744948,-1.16607
596,-0.750778,-1.13282
597,-0.756442,-1.09936
598,-0.761939,-1.06569
599,-0.767267,-1.03183
600,-0.772427,-0.997785
601,-0.777416,-0.963555
602,-0.782233,-0.929149
603,-0.786879,-0.894575
604,-0.791352,-0.85984
605,-0.795651,-0.824951
606,-0.799776,-0.789914
607,-0.803726,-0.754735
608,-0.807499,-0.719421
609,-0.811096,-0.68398
610,-0.814516,-0.648417
611,-0.817758,-0.612738
612,-0.820822,-0.57695
613,-0.823707,-0.54106
614,-0.826412,-0.505074
615,-0.828937,-0.468997
616,-0.831282,-0.432837
617,-0.833447,-0.396599
618,-0.83543,-0.360289
619,-0.837231,-0.323915
620,-0.838851,-0.287481
621,-0.840288,-0.250994
622,-0.841543,-0.214459
623,-0.842615,-0.177884
624,-0.843505,-0.141274
625,-0.844211,-0.104635
626,-0.844734,-0.0679724
627,-0.845074,-0.0312931
628,-0.845231,0.0053973
629,-0.845204,0.0420928
630,-0.844993,0.0787874
631,-0.844599,0.115475
632,-0.844022,0.15215
633,-0.843261,0.188806
634,-0.842317,0.225438
635,-0.84119,0.262038
636,-0.83988,0.298602
637,-0.838387,0.335122
638,-0.836711,0.371594
639,-0.834853,0.408011
640,-0.832813,0.444367
641,-0.830591,0.480655
642,-0.828188,0.516871
643,-0.825603,0.553006
644,-0.822838,0.589056
645,-0.819893,0.625013
646,-0.816768,0.660872
647,-0.813464,0.696627
648,-0.809981,0.73227
649,-0.806319,0.767796
650,-0.80248,0.803197
651,-0.798464,0.838468
652,-0.794272,0.873602
653,-0.789904,0.908592
654,-0.785361,0.943431
655,-0.780644,0.978114
656,-0.775753,1.01263
657,-0.77069,1.04698
658,-0.765455,1.08115
659,-0.760049,1.11513
660,-0.754474,1.14893
661,-0.748729,1.18252
662,-0.742817,1.21591
663,-0.736737,1.24909
664,-0.730492,1.28204
665,-0.724081,1.31477
666,-0.717507,1.34726
667,-0.710771,1.37951
668,-0.703874,1.41152
669,-0.696816,1.44326
670,-0.6896,1.47474
671,-0.682226,1.50595
672,-0.674696,1.53687
673,-0.667012,1.56751
674,-0.659174,1.59786
675,-0.651185,1.6279
676,-0.643046,1.65763
677,-0.634757,1.68704
678,-0.626322,1.71613
679,-0.617742,1.74488
680,-0.609017,1.77329
681,-0.600151,1.80135
682,-0.591144,1.82905
683,-0.581999,1.85638
684,-0.572717,1.88335
685,-0.5633,1.90993
686,-0.553751,1.93612
687,-0.54407,1.96191
688,-0.53426,1.9873
689,-0.524324,2.01228
690,-0.514262,2.03684
691,-0.504078,2.06096
692,-0.493773,2.08465
693,-0.48335,2.1079
694,-0.472811,2.1307
695,-0.462157,2.15304
696,-0.451392,2.17491
697,-0.440517,2.1963
698,-0.429536,2.21722
699,-0.41845,2.23764
700,-0.407262,2.25758
701,-0.395974,2.277
702,-0.384589,2.29592
703,-0.373109,2.31433
704,-0.361538,2.3322
705,-0.349876,2.34955
706,-0.338129,2.36637
707,-0.326297,2.38264
708,-0.314384,2.39836
709,-0.302392,2.41353
710,-0.290324,2.42814
711,-0.278184,2.44218
712,-0.265973,2.45565
713,-0.253694,2.46854
714,-0.241352,2.48085
715,-0.228947,2.49257
716,-0.216485,2.50371
717,-0.203966,2.51424
718,-0.191395,2.52418
719,-0.178774,2.53351
720,-0.166106,2.54223
721,-0.153395,2.55034
722,-0.140644,2.55783
723,-0.127854,2.56471
724,-0.115031,2.57096
725,-0.102176,2.57659
726,-0.0892931,2.5816
727,-0.0763851,2.58597
728,-0.0634552,2.58971
729,-0.0505067,2.59282
730,-0.0375425,2.5953
731,-0.024566,2.59714
732,-0.0115803,2.59835
733,0.0014114,2.59892
734,0.014406,2.59885
735,0.0274002,2.59814
736,0.0403909,2.5968
737,0.0533749,2.59481
738,0.066349,2.5922
739,0.0793099,2.58895
740,0.0922547,2.58506
741,0.10518,2.58054
742,0.118083,2.57539
743,0.13096,2.56961
744,0.143808,2.56321
745,0.156624,2.55618
746,0.169405,2.54853
747,0.182147,2.54026
748,0.194849,2.53137
749,0.207505,2.52188
750,0.220115,2.51177
751,0.232674,2.50106
752,0.245179,2.48975
753,0.257628,2.47785
754,0.270017,2.46535
755,0.282344,2.45226
756,0.294605,2.4386
757,0.306798,2.42436
758,0.31892,2.40954
759,0.330967,2.39416
760,0.342938,2.37822
761,0.354829,2.36173
762,0.366638,2.34469
763,0.378362,2.32711
764,0.389997,2.30899
765,0.401542,2.29034
766,0.412994,2.27117
767,0.42435,2.25148
768,0.435607,2.23129
769,0.446763,2.21059
770,0.457816,2.1894
771,0.468763,2.16772
772,0.479602,2.14556
773,0.49033,2.12292
774,0.500944,2.09983
775,0.511443,2.07627
776,0.521825,2.05226
777,0.532086,2.02781
778,0.542225,2.00293
779,0.55224,1.97762
780,0.562128,1.95189
781,0.571887,1.92574
782,0.581516,1.8992
783,0.591012,1.87225
784,0.600373,1.84492
785,0.609598,1.81721
786,0.618684,1.78913
787,0.62763,1.76068
788,0.636433,1.73188
789,0.645092,1.70273
790,0.653606,1.67323
791,0.661972,1.64341
792,0.670189,1.61326
793,0.678256,1.58279
794,0.686169,1.55202
795,0.69393,1.52094
796,0.701534,1.48957
797,0.708982,1.45791
798,0.716272,1.42598
799,0.723402,1.39377
800,0.73037,1.3613
801,0.737177,1.32858
802,0.74382,1.29561
803,0.750298,1.2624
804,0.75661,1.22895
805,0.762755,1.19528
806,0.768731,1.16139
807,0.774538,1.12729
808,0.780174,1.09299
809,0.785639,1.05848
810,0.790932,1.02379
811,0.796051,0.988918
812,0.800995,0.953867
813,0.805765,0.918646
814,0.810358,0.883264
815,0.814774,0.847725
816,0.819013,0.812038
817,0.823073,0.776208
818,0.826954,0.740243
819,0.830655,0.704148
820,0.834176,0.667931
821,0.837516,0.631598
822,0.840674,0.595154
823,0.843649,0.558608
824,0.846442,0.521964
825,0.849052,0.485229
826,0.851478,0.448409
827,0.85372,0.411511
828,0.855778,0.37454
829,0.857651,0.337504
830,0.859338,0.300407
831,0.86084,0.263256
832,0.862157,0.226057
833,0.863287,0.188816
834,0.864231,0.151538
835,0.864989,0.114231
836,0.86556,0.0768999
837,0.865944,0.0395503
838,0.866142,0.00218858
839,0.866153,-0.0351795
840,0.865977,-0.0725478
841,0.865614,-0.109911
842,0.865065,-0.147262
843,0.864328,-0.184596
844,0.863406,-0.221906
845,0.862296,-0.259187
846,0.861,-0.296433
847,0.859518,-0.333637
848,0.85785,-0.370793
849,0.855996,-0.407897
850,0.853956,-0.44494
851,0.851732,-0.481919
852,0.849322,-0.518825
853,0.846728,-0.555653
854,0.84395,-0.592397
855,0.840988,-0.629051
856,0.837842,-0.665608
857,0.834514,-0.702062
858,0.831004,-0.738407
859,0.827312,-0.774636
860,0.823439,-0.810742
861,0.819385,-0.84672
862,0.815151,-0.882562
863,0.810739,-0.918262
864,0.806147,-0.953813
865,0.801378,-0.989209
866,0.796432,-1.02444
867,0.79131,-1.05951
868,0.786012,-1.09439
869,0.780541,-1.1291
870,0.774895,-1.16361
871,0.769077,-1.19793
872,0.763087,-1.23204
873,0.756927,-1.26595
874,0.750597,-1.29963
875,0.744099,-1.33308
876,0.737434,-1.36631
877,0.730602,-1.39929
878,0.723606,-1.43202
879,0.716446,-1.46449
880,0.709123,-1.49671
881,0.70164,-1.52865
882,0.693997,-1.56031
883,0.686195,-1.59168
884,0.678237,-1.62276
885,0.670123,-1.65353
886,0.661855,-1.684
887,0.653435,-1.71414
888,0.644864,-1.74396
889,0.636145,-1.77344
890,0.627277,-1.80258
891,0.618265,-1.83137
892,0.609108,-1.8598
893,0.599809,-1.88787
894,0.590369,-1.91555
895,0.580792,-1.94286
896,0.571077,-1.96977
897,0.561228,-1.99629
898,0.551247,-2.02239
899,0.541135,-2.04808
900,0.530895,-2.07335
901,0.520528,-2.09818
902,0.510037,-2.12258
903,0.499424,-2.14652
904,0.488692,-2.17001
905,0.477841,-2.19304
906,0.466876,-2.2156
907,0.455798,-2.23767
908,0.44461,-2.25927
909,0.433314,-2.28036
910,0.421912,-2.30096
911,0.410407,-2.32104
912,0.398802,-2.34061
913,0.387099,-2.35966
914,0.3753,-2.37818
915,0.363409,-2.39616
916,0.351429,-2.41359
917,0.339361,-2.43048
918,0.327208,-2.4468
919,0.314974,-2.46257
920,0.302661,-2.47776
921,0.290273,-2.49238
922,0.277811,-2.50642
923,0.265279,-2.51988
924,0.252679,-2.53274
925,0.240016,-2.545
926,0.227291,-2.55666
927,0.214507,-2.56771
928,0.201669,-2.57815
929,0.188778,-2.58798
930,0.175838,-2.59718
931,0.162852,-2.60576
932,0.149823,-2.61371
933,0.136755,-2.62104
934,0.12365,-2.62772
935,0.110511,-2.63377
936,0.0973421,-2.63918
937,0.0841462,-2.64395
938,0.0709265,-2.64807
939,0.0576861,-2.65155
940,0.0444284,-2.65438
941,0.0311565,-2.65655
942,0.0178737,-2.65808
943,0.00458333,-2.65896
944,-0.00871147,-2.65918
945,-0.0220074,-2.65876
946,-0.0353012,-2.65768
947,-0.0485895,-2.65595
948,-0.0618693,-2.65356
949,-0.0751371,-2.65053
950,-0.0883897,-2.64685
951,-0.101624,-2.64252
952,-0.114837,-2.63754
953,-0.128024,-2.63192
954,-0.141184,-2.62566
955,-0.154312,-2.61876
956,-0.167406,-2.61122
957,-0.180462,-2.60305
958,-0.193477,-2.59424
959,-0.206449,-2.58481
960,-0.219373,-2.57476
961,-0.232246,-2.56408
962,-0.245067,-2.55279
963,-0.257831,-2.54089
964,-0.270535,-2.52839
965,-0.283177,-2.51528
966,-0.295754,-2.50157
967,-0.308261,-2.48728
968,-0.320698,-2.47239
969,-0.33306,-2.45693
970,-0.345344,-2.4409
971,-0.357549,-2.42429
972,-0.36967,-2.40712
973,-0.381706,-2.3894
974,-0.393653,-2.37113
975,-0.405509,-2.35232
976,-0.41727,-2.33297
977,-0.428935,-2.31309
978,-0.4405,-2.29269
979,-0.451964,-2.27177
980,-0.463323,-2.25035
981,-0.474575,-2.22843
982,-0.485717,-2.20602
983,-0.496747,-2.18312
984,-0.507662,-2.15974
985,-0.518461,-2.1359
986,-0.529141,-2.11159
987,-0.539699,-2.08683
988,-0.550133,-2.06163
989,-0.560441,-2.03598
990,-0.570621,-2.00991
991,-0.58067,-1.98342
992,-0.590587,-1.95651
993,-0.60037,-1.92919
994,-0.610016,-1.90148
995,-0.619523,-1.87338
996,-0.62889,-1.8449
997,-0.638115,-1.81605
998,-0.647195,-1.78683
999,-0.656129,-1.75726
1000,-0.664915,-1.72733
1001,-0.673552,-1.69707
1002,-0.682037,-1.66647
1003,-0.69037,-1.63555
1004,-0.698548,-1.60432
1005,-0.706569,-1.57277
1006,-0.714433,-1.54093
1007,-0.722138,-1.50879
1008,-0.729682,-1.47637
1009,-0.737063,-1.44367
1010,-0.744282,-1.4107
1011,-0.751335,-1.37748
1012,-0.758223,-1.34399
1013,-0.764943,-1.31027
1014,-0.771494,-1.2763
1015,-0.777876,-1.2421
1016,-0.784086,-1.20768
1017,-0.790124,-1.17304
1018,-0.79599,-1.13819
1019,-0.801681,-1.10314
1020,-0.807196,-1.0679
1021,-0.812536,-1.03247
1022,-0.817698,-0.996857
1023,-0.822682,-0.961072
1024,-0.827488,-0.92512
1025,-0.832113,-0.889007
1026,-0.836558,-0.852742
1027,-0.840822,-0.81633
1028,-0.844904,-0.779778
1029,-0.848803,-0.743094
1030,-0.852518,-0.706282
1031,-0.85605,-0.66935
1032,-0.859396,-0.632305
1033,-0.862558,-0.595152
1034,-0.865534,-0.557898
1035,-0.868323,-0.520549
1036,-0.870926,-0.483112
1037,-0.873341,-0.445593
1038,-0.875569,-0.407997
1039,-0.877609,-0.370331
1040,-0.879461,-0.332601
1041,-0.881124,-0.294813
1042,-0.882598,-0.256973
1043,-0.883883,-0.219087
1044,-0.884978,-0.181162
1045,-0.885884,-0.143202
1046,-0.8866,-0.105214
1047,-0.887126,-0.0672035
1048,-0.887462,-0.029177
1049,-0.887608,0.00885989
1050,-0.887564,0.0469013
1051,-0.887329,0.0849414
1052,-0.886905,0.122974
1053,-0.88629,0.160994
1054,-0.885485,0.198994
1055,-0.88449,0.23697
1056,-0.883305,0.274915
1057,-0.88193,0.312822
1058,-0.880366,0.350687
1059,-0.878613,0.388504
1060,-0.87667,0.426265
1061,-0.874539,0.463965
1062,-0.872219,0.501599
1063,-0.869711,0.539159
1064,-0.867015,0.576641
1065,-0.864132,0.614036
1066,-0.861062,0.65134
1067,-0.857805,0.688547
1068,-0.854363,0.725648
1069,-0.850734,0.76264
1070,-0.846921,0.799514
1071,-0.842924,0.836264
1072,-0.838742,0.872884
1073,-0.834378,0.909368
1074,-0.829831,0.945708
1075,-0.825102,0.981898
1076,-0.820193,1.01793
1077,-0.815103,1.0538
1078,-0.809834,1.0895
1079,-0.804387,1.12502
1080,-0.798762,1.16036
1081,-0.79296,1.1955
1082,-0.786982,1.23044
1083,-0.78083,1.26518
1084,-0.774504,1.29971
1085,-0.768006,1.33401
1086,-0.761336,1.36809
1087,-0.754495,1.40193
1088,-0.747486,1.43552
1089,-0.740308,1.46886
1090,-0.732964,1.50195
1091,-0.725454,1.53477
1092,-0.71778,1.56731
1093,-0.709944,1.59957
1094,-0.701946,1.63154
1095,-0.693788,1.66321
1096,-0.685472,1.69458
1097,-0.676999,1.72563
1098,-0.668371,1.75636
1099,-0.659589,1.78675
1100,-0.650655,1.81681
1101,-0.641571,1.84652
1102,-0.632339,1.87588
1103,-0.622959,1.90487
1104,-0.613435,1.93348
1105,-0.603768,1.96172
1106,-0.593959,1.98957
1107,-0.584011,2.01702
1108,-0.573926,2.04406
1109,-0.563706,2.0707
1110,-0.553352,2.0969
1111,-0.542868,2.12268
1112,-0.532254,2.14802
1113,-0.521514,2.17291
1114,-0.51065,2.19735
1115,-0.499663,2.22132
1116,-0.488556,2.24482
1117,-0.477332,2.26784
1118,-0.465993,2.29038
1119,-0.454541,2.31242
1120,-0.442979,2.33395
1121,-0.431309,2.35498
1122,-0.419534,2.37548
1123,-0.407657,2.39546
1124,-0.39568,2.41491
1125,-0.383605,2.43382
1126,-0.371436,2.45217
1127,-0.359175,2.46998
1128,-0.346825,2.48722
1129,-0.334389,2.50389
1130,-0.32187,2.51999
1131,-0.30927,2.5355
1132,-0.296592,2.55043
1133,-0.28384,2.56477
1134,-0.271016,2.5785
1135,-0.258124,2.59164
1136,-0.245165,2.60416
1137,-0.232145,2.61606
1138,-0.219064,2.62735
1139,-0.205928,2.63801
1140,-0.192738,2.64804
1141,-0.179497,2.65743
1142,-0.16621,2.66619
1143,-0.152879,2.6743
1144,-0.139508,2.68177
1145,-0.126099,2.68859
1146,-0.112656,2.69476
1147,-0.0991822,2.70028
1148,-0.0856808,2.70513
1149,-0.0721552,2.70933
1150,-0.0586085,2.71287
1151,-0.0450442,2.71574
1152,-0.0314655,2.71795
1153,-0.0178757,2.71949
1154,-0.00427826,2.72037
1155,0.00932358,2.72058
1156,0.0229265,2.72012
1157,0.0365271,2.719
1158,0.0501221,2.71721
1159,0.0637081,2.71475
1160,0.0772818,2.71163
1161,0.09084,2.70784
1162,0.104379,2.70339
1163,0.117896,2.69828
1164,0.131387,2.69251
1165,0.14485,2.68608
1166,0.15828,2.679
1167,0.171675,2.67127
1168,0.185032,2.66289
1169,0.198346,2.65387
1170,0.211616,2.6442
1171,0.224837,2.6339
1172,0.238006,2.62296
1173,0.251121,2.6114
1174,0.264178,2.59921
1175,0.277174,2.5864
1176,0.290106,2.57298
1177,0.302971,2.55895
1178,0.315766,2.54432
1179,0.328487,2.52908
1180,0.341133,2.51326
1181,0.353699,2.49685
1182,0.366183,2.47986
1183,0.378583,2.4623
1184,0.390894,2.44417
1185,0.403115,2.42548
1186,0.415242,2.40624
1187,0.427273,2.38645
1188,0.439206,2.36613
1189,0.451036,2.34527
1190,0.462763,2.32389
1191,0.474382,2.30199
1192,0.485892,2.27959
1193,0.49729,2.25668
1194,0.508573,2.23328
1195,0.51974,2.2094
1196,0.530787,2.18504
1197,0.541712,2.16021
1198,0.552513,2.13492
1199,0.563188,2.10917
1200,0.573733,2.08299
1201,0.584148,2.05636
1202,0.59443,2.02931
1203,0.604577,2.00184
1204,0.614586,1.97396
1205,0.624456,1.94568
1206,0.634184,1.917
1207,0.643769,1.88794
1208,0.653209,1.8585
1209,0.662501,1.82869
1210,0.671645,1.79852
1211,0.680637,1.76799
1212,0.689477,1.73713
1213,0.698163,1.70593
1214,0.706693,1.6744
1215,0.715065,1.64255
1216,0.723277,1.61039
1217,0.731329,1.57792
1218,0.739219,1.54516
1219,0.746945,1.51212
1220,0.754505,1.47879
1221,0.761899,1.4452
1222,0.769125,1.41134
1223,0.776182,1.37722
1224,0.783068,1.34286
1225,0.789782,1.30826
1226,0.796324,1.27342
1227,0.802691,1.23836
1228,0.808883,1.20309
1229,0.814898,1.1676
1230,0.820736,1.13191
1231,0.826396,1.09602
1232,0.831876,1.05994
1233,0.837175,1.02368
1234,0.842294,0.987253
1235,0.84723,0.950653
1236,0.851983,0.913893
1237,0.856553,0.876978
1238,0.860938,0.839916
1239,0.865137,0.802714
1240,0.869151,0.765378
1241,0.872978,0.727915
1242,0.876617,0.69033
1243,0.880069,0.652632
1244,0.883332,0.614825
1245,0.886406,0.576916
1246,0.889291,0.538912
1247,0.891985,0.500818
1248,0.894489,0.462642
1249,0.896803,0.424388
1250,0.898925,0.386064
1251,0.900855,0.347674
1252,0.902593,0.309226
1253,0.904139,0.270725
1254,0.905493,0.232177
1255,0.906654,0.193588
1256,0.907622,0.154964
1257,0.908397,0.11631
1258,0.908978,0.0776333
1259,0.909366,0.0389389
1260,0.909561,0.000232823
1261,0.909562,-0.0384791
1262,0.90937,-0.0771911
1263,0.908984,-0.115897
1264,0.908404,-0.154592
1265,0.907631,-0.193269
1266,0.906665,-0.231923
1267,0.905506,-0.270547
1268,0.904153,-0.309137
1269,0.902607,-0.347685
1270,0.900869,-0.386187
1271,0.898938,-0.424635
1272,0.896815,-0.463025
1273,0.894499,-0.50135
1274,0.891993,-0.539604
1275,0.889295,-0.577781
1276,0.886406,-0.615874
1277,0.883326,-0.653878
1278,0.880057,-0.691787
1279,0.876598,-0.729593
1280,0.87295,-0.767292
1281,0.869114,-0.804875
1282,0.865089,-0.842337
1283,0.860878,-0.879672
1284,0.856479,-0.916872
1285,0.851895,-0.953932
1286,0.847125,-0.990843
1287,0.842171,-1.0276
1288,0.837033,-1.0642
1289,0.831712,-1.10062
1290,0.826209,-1.13688
1291,0.820525,-1.17295
1292,0.81466,-1.20883
1293,0.808616,-1.24451
1294,0.802393,-1.27999
1295,0.795993,-1.31526
1296,0.789417,-1.35031
1297,0.782665,-1.38513
1298,0.77574,-1.41972
1299,0.768641,-1.45406
1300,0.761371,-1.48816
1301,0.75393,-1.522
1302,0.74632,-1.55558
1303,0.738542,-1.58888
1304,0.730598,-1.6219
1305,0.722488,-1.65463
1306,0.714215,-1.68707
1307,0.70578,-1.7192
1308,0.697184,-1.75101
1309,0.688429,-1.7825
1310,0.679516,-1.81367
1311,0.670448,-1.84449
1312,0.661225,-1.87497
1313,0.651851,-1.90509
1314,0.642325,-1.93484
1315,0.632651,-1.96423
1316,0.62283,-1.99323
1317,0.612864,-2.02184
1318,0.602754,-2.05006
1319,0.592504,-2.07786
1320,0.582115,-2.10526
1321,0.571589,-2.13222
1322,0.560927,-2.15876
1323,0.550134,-2.18485
1324,0.539209,-2.21049
1325,0.528157,-2.23568
1326,0.516979,-2.2604
1327,0.505677,-2.28464
1328,0.494253,-2.3084
1329,0.482711,-2.33167
1330,0.471053,-2.35444
1331,0.459281,-2.3767
1332,0.447397,-2.39844
1333,0.435405,-2.41966
1334,0.423307,-2.44035
1335,0.411105,-2.4605
1336,0.398803,-2.4801
1337,0.386402,-2.49915
1338,0.373906,-2.51763
1339,0.361318,-2.53555
1340,0.34864,-2.55289
1341,0.335876,-2.56964
1342,0.323028,-2.58581
1343,0.310099,-2.60138
1344,0.297092,-2.61635
1345,0.28401,-2.63071
1346,0.270857,-2.64445
1347,0.257634,-2.65757
1348,0.244346,-2.67007
1349,0.230996,-2.68194
1350,0.217586,-2.69317
1351,0.204121,-2.70376
1352,0.190602,-2.7137
1353,0.177033,-2.72299
1354,0.163418,-2.73163
1355,0.14976,-2.73961
1356,0.136062,-2.74693
1357,0.122327,-2.75358
1358,0.10856,-2.75957
1359,0.0947617,-2.76488
1360,0.0809373,-2.76952
1361,0.0670897,-2.77349
1362,0.0532222,-2.77678
1363,0.0393384,-2.77939
1364,0.0254414,-2.78131
1365,0.0115349,-2.78256
1366,-0.00237796,-2.78313
1367,-0.0162936,-2.78301
1368,-0.0302087,-2.78221
1369,-0.0441197,-2.78073
1370,-0.0580234,-2.77857
1371,-0.0719162,-2.77572
1372,-0.0857948,-2.7722
1373,-0.0996558,-2.768
1374,-0.113496,-2.76312
1375,-0.127311,-2.75756
1376,-0.141099,-2.75133
1377,-0.154856,-2.74444
1378,-0.168578,-2.73687
1379,-0.182262,-2.72864
1380,-0.195906,-2.71975
1381,-0.209504,-2.7102
1382,-0.223055,-2.7
1383,-0.236555,-2.68915
1384,-0.250001,-2.67765
1385,-0.263389,-2.66552
1386,-0.276717,-2.65275
1387,-0.289981,-2.63935
1388,-0.303177,-2.62532
1389,-0.316304,-2.61068
1390,-0.329357,-2.59542
1391,-0.342335,-2.57956
1392,-0.355232,-2.56309
1393,-0.368048,-2.54603
1394,-0.380778,-2.52838
1395,-0.39342,-2.51016
1396,-0.405971,-2.49135
1397,-0.418427,-2.47198
1398,-0.430787,-2.45205
1399,-0.443048,-2.43157
1400,-0.455205,-2.41054
1401,-0.467258,-2.38898
1402,-0.479203,-2.36688
1403,-0.491037,-2.34427
1404,-0.502759,-2.32114
1405,-0.514365,-2.2975
1406,-0.525852,-2.27337
1407,-0.537219,-2.24875
1408,-0.548463,-2.22365
1409,-0.559581,-2.19808
1410,-0.570571,-2.17204
1411,-0.581431,-2.14555
1412,-0.592159,-2.11861
1413,-0.602752,-2.09123
1414,-0.613208,-2.06342
1415,-0.623526,-2.0352
1416,-0.633701,-2.00655
1417,-0.643734,-1.97751
1418,-0.653622,-1.94807
1419,-0.663362,-1.91825
1420,-0.672953,-1.88804
1421,-0.682394,-1.85747
1422,-0.691681,-1.82654
1423,-0.700814,-1.79525
1424,-0.70979,-1.76362
1425,-0.718608,-1.73166
1426,-0.727266,-1.69936
1427,-0.735763,-1.66676
1428,-0.744097,-1.63383
1429,-0.752266,-1.60061
1430,-0.760269,-1.5671
1431,-0.768105,-1.5333
1432,-0.775771,-1.49922
1433,-0.783267,-1.46487
1434,-0.790592,-1.43026
1435,-0.797743,-1.3954
1436,-0.80472,-1.36029
1437,-0.811521,-1.32494
1438,-0.818146,-1.28936
1439,-0.824593,-1.25356
1440,-0.830861,-1.21755
1441,-0.836948,-1.18132
1442,-0.842855,-1.1449
1443,-0.848579,-1.10828
1444,-0.854121,-1.07148
1445,-0.859478,-1.03449
1446,-0.864651,-0.997336
1447,-0.869637,-0.960016
1448,-0.874437,-0.922537
1449,-0.87905,-0.884906
1450,-0.883475,-0.847131
1451,-0.88771,-0.809218
1452,-0.891756,-0.771174
1453,-0.895612,-0.733004
1454,-0.899277,-0.694716
1455,-0.902751,-0.656316
1456,-0.906032,-0.61781
1457,-0.909121,-0.579205
1458,-0.912017,-0.540506
1459,-0.91472,-0.50172
1460,-0.917229,-0.462853
1461,-0.919543,-0.423912
1462,-0.921662,-0.384901
1463,-0.923587,-0.345827
1464,-0.925316,-0.306697
1465,-0.92685,-0.267515
1466,-0.928187,-0.228288
1467,-0.929329,-0.189022
1468,-0.930274,-0.149722
1469,-0.931022,-0.110395
1470,-0.931574,-0.0710453
1471,-0.931929,-0.0316797
1472,-0.932088,0.00769628
1473,-0.932049,0.0470769
1474,-0.931814,0.0864564
1475,-0.931382,0.125829
1476,-0.930753,0.165189
1477,-0.929927,0.20453
1478,-0.928904,0.243848
1479,-0.927685,0.283135
1480,-0.926269,0.322386
1481,-0.924657,0.361596
1482,-0.922849,0.400758
1483,-0.920845,0.439867
1484,-0.918646,0.478917
1485,-0.916251,0.517901
1486,-0.913662,0.556813
1487,-0.910878,0.595648
1488,-0.9079,0.6344
1489,-0.904728,0.673062
1490,-0.901362,0.711628
1491,-0.897804,0.750091
1492,-0.894054,0.788446
1493,-0.890112,0.826687
1494,-0.885978,0.864805
1495,-0.881654,0.902796
1496,-0.87714,0.940653
1497,-0.872437,0.978368
1498,-0.867545,1.01594
1499,-0.862465,1.05335
1500,-0.857199,1.0906
1501,-0.851746,1.12768
1502,-0.846107,1.16459
1503,-0.840284,1.20131
1504,-0.834278,1.23785
1505,-0.828088,1.27418
1506,-0.821718,1.31031
1507,-0.815166,1.34624
1508,-0.808435,1.38194
1509,-0.801525,1.41741
1510,-0.794438,1.45265
1511,-0.787175,1.48764
1512,-0.779737,1.52239
1513,-0.772125,1.55687
1514,-0.76434,1.5911
1515,-0.756385,1.62504
1516,-0.74826,1.6587
1517,-0.739966,1.69208
1518,-0.731506,1.72515
1519,-0.72288,1.75791
1520,-0.71409,1.79036
1521,-0.705139,1.82249
1522,-0.696026,1.85428
1523,-0.686755,1.88573
1524,-0.677326,1.91683
1525,-0.667742,1.94757
1526,-0.658004,1.97794
1527,-0.648114,2.00793
1528,-0.638075,2.03755
1529,-0.627887,2.06676
1530,-0.617553,2.09558
1531,-0.607075,2.12398
1532,-0.596456,2.15196
1533,-0.585696,2.17951
1534,-0.574798,2.20663
1535,-0.563765,2.23329
1536,-0.552599,2.2595
1537,-0.541301,2.28525
1538,-0.529875,2.31052
1539,-0.518322,2.33531
1540,-0.506646,2.35961
1541,-0.494848,2.38342
1542,-0.48293,2.40671
1543,-0.470897,2.42949
1544,-0.458749,2.45174
1545,-0.446491,2.47346
1546,-0.434123,2.49464
1547,-0.42165,2.51527
1548,-0.409074,2.53535
1549,-0.396397,2.55486
1550,-0.383623,2.57379
1551,-0.370754,2.59215
1552,-0.357793,2.60992
1553,-0.344744,2.6271
1554,-0.331608,2.64368
1555,-0.31839,2.65965
1556,-0.305091,2.675
1557,-0.291716,2.68974
1558,-0.278268,2.70384
1559,-0.264748,2.71732
1560,-0.251162,2.73015
1561,-0.237511,2.74234
1562,-0.223799,2.75388
1563,-0.21003,2.76477
1564,-0.196206,2.77499
1565,-0.182331,2.78456
1566,-0.168408,2.79345
1567,-0.154441,2.80167
1568,-0.140433,2.80922
1569,-0.126387,2.81608
1570,-0.112306,2.82227
1571,-0.098195,2.82776
1572,-0.0840562,2.83257
1573,-0.0698933,2.83669
1574,-0.0557099,2.84012
1575,-0.0415093,2.84285
1576,-0.0272951,2.84488
1577,-0.0130706,2.84622
1578,0.00116046,2.84686
1579,0.0153948,2.8468
1580,0.0296288,2.84605
1581,0.043859,2.8446
1582,0.058082,2.84245
1583,0.0722943,2.8396
1584,0.0864922,2.83606
1585,0.100673,2.83182
1586,0.114832,2.82689
1587,0.128966,2.82127
1588,0.143072,2.81496
1589,0.157147,2.80797
1590,0.171187,2.80029
1591,0.185188,2.79193
1592,0.199148,2.7829
1593,0.213063,2.7732
1594,0.226929,2.76283
1595,0.240743,2.75179
1596,0.254502,2.7401
1597,0.268202,2.72775
1598,0.281841,2.71475
1599,0.295415,2.70111
1600,0.30892,2.68683
1601,0.322354,2.67191
1602,0.335714,2.65638
1603,0.348996,2.64022
1604,0.362197,2.62344
1605,0.375314,2.60606
1606,0.388345,2.58808
1607,0.401285,2.56951
1608,0.414132,2.55035
1609,0.426884,2.53061
1610,0.439537,2.51031
1611,0.452089,2.48943
1612,0.464536,2.46801
1613,0.476876,2.44603
1614,0.489106,2.42352
1615,0.501224,2.40047
1616,0.513226,2.3769
1617,0.525111,2.35282
1618,0.536875,2.32823
1619,0.548516,2.30314
1620,0.560032,2.27757
1621,0.571419,2.25151
1622,0.582677,2.22499
1623,0.593802,2.198
1624,0.604792,2.17055
1625,0.615645,2.14266
1626,0.626358,2.11434
1627,0.63693,2.08558
1628,0.647358,2.05641
1629,0.65764,2.02683
1630,0.667774,1.99685
1631,0.677758,1.96647
1632,0.68759,1.93572
1633,0.697269,1.90459
1634,0.706792,1.87309
1635,0.716157,1.84124
1636,0.725364,1.80904
1637,0.734409,1.7765
1638,0.743291,1.74363
1639,0.752009,1.71043
1640,0.760562,1.67693
1641,0.768946,1.64312
1642,0.777162,1.60901
1643,0.785207,1.57461
1644,0.79308,1.53993
1645,0.80078,1.50498
1646,0.808304,1.46977
1647,0.815653,1.4343
1648,0.822825,1.39859
1649,0.829818,1.36263
1650,0.836631,1.32644
1651,0.843263,1.29002
1652,0.849713,1.25339
1653,0.85598,1.21655
1654,0.862063,1.17951
1655,0.86796,1.14227
1656,0.873672,1.10485
1657,0.879196,1.06724
1658,0.884532,1.02946
1659,0.88968,0.991513
1660,0.894637,0.953408
1661,0.899404,0.91515
1662,0.90398,0.876746
1663,0.908364,0.838202
1664,0.912555,0.799527
1665,0.916552,0.760725
1666,0.920356,0.721803
1667,0.923965,0.682768
1668,0.927379,0.643626
1669,0.930597,0.604384
1670,0.933619,0.565047
1671,0.936444,0.525622
1672,0.939072,0.486114
1673,0.941503,0.44653
1674,0.943735,0.406876
1675,0.94577,0.367158
1676,0.947606,0.327381
1677,0.949242,0.287551
1678,0.95068,0.247675
1679,0.951919,0.207757
1680,0.952957,0.167804
1681,0.953796,0.127822
1682,0.954435,0.0878162
1683,0.954875,0.047792
1684,0.955114,0.00775535
1685,0.955152,-0.0322881
1686,0.954991,-0.0723326
1687,0.954629,-0.112372
1688,0.954067,-0.152402
1689,0.953305,-0.192416
1690,0.952343,-0.232408
1691,0.951181,-0.272373
1692,0.949819,-0.312305
1693,0.948258,-0.352197
1694,0.946497,-0.392046
1695,0.944537,-0.431843
1696,0.942377,-0.471585
1697,0.940019,-0.511264
1698,0.937463,-0.550876
1699,0.934709,-0.590413
1700,0.931757,-0.62987
1701,0.928607,-0.669241
1702,0.925261,-0.70852
1703,0.921719,-0.7477
1704,0.91798,-0.786775
1705,0.914046,-0.825739
1706,0.909917,-0.864586
1707,0.905595,-0.903308
1708,0.901078,-0.9419
1709,0.896369,-0.980356
1710,0.891467,-1.01867
1711,0.886373,-1.05683
1712,0.881089,-1.09483
1713,0.875615,-1.13267
1714,0.869952,-1.17034
1715,0.8641,-1.20783
1716,0.858061,-1.24513
1717,0.851835,-1.28224
1718,0.845424,-1.31915
1719,0.838828,-1.35585
1720,0.832049,-1.39234
1721,0.825087,-1.4286
1722,0.817944,-1.46463
1723,0.810621,-1.50043
1724,0.803119,-1.53597
1725,0.795439,-1.57127
1726,0.787583,-1.6063
1727,0.779551,-1.64106
1728,0.771346,-1.67554
1729,0.762969,-1.70973
1730,0.75442,-1.74363
1731,0.745702,-1.77722
1732,0.736816,-1.8105
1733,0.727763,-1.84346
1734,0.718546,-1.87608
1735,0.709165,-1.90837
1736,0.699624,-1.94031
1737,0.689922,-1.9719
1738,0.680063,-2.00312
1739,0.670047,-2.03396
1740,0.659877,-2.06442
1741,0.649555,-2.09449
1742,0.639083,-2.12416
1743,0.628462,-2.15342
1744,0.617695,-2.18225
1745,0.606783,-2.21066
1746,0.59573,-2.23863
1747,0.584537,-2.26615
1748,0.573206,-2.29322
1749,0.56174,-2.31982
1750,0.550141,-2.34595
1751,0.538411,-2.37159
1752,0.526553,-2.39674
1753,0.51457,-2.42139
1754,0.502463,-2.44553
1755,0.490235,-2.46916
1756,0.477889,-2.49225
1757,0.465428,-2.51481
1758,0.452854,-2.53682
1759,0.44017,-2.55828
1760,0.427378,-2.57918
1761,0.414482,-2.59951
1762,0.401485,-2.61927
1763,0.388388,-2.63843
1764,0.375196,-2.65701
1765,0.361911,-2.67498
1766,0.348536,-2.69235
1767,0.335075,-2.7091
1768,0.321529,-2.72523
1769,0.307903,-2.74073
1770,0.294199,-2.7556
1771,0.280421,-2.76982
1772,0.266572,-2.7834
1773,0.252655,-2.79632
1774,0.238674,-2.80858
1775,0.224631,-2.82018
1776,0.21053,-2.8311
1777,0.196374,-2.84135
1778,0.182168,-2.85092
1779,0.167913,-2.85981
1780,0.153614,-2.86801
1781,0.139274,-2.87551
1782,0.124896,-2.88232
1783,0.110485,-2.88843
1784,0.0960426,-2.89384
1785,0.0815734,-2.89854
1786,0.0670807,-2.90254
1787,0.052568,-2.90583
1788,0.0380389,-2.9084
1789,0.0234968,-2.91027
1790,0.00894549,-2.91142
1791,-0.00561162,-2.91186
1792,-0.0201709,-2.91158
1793,-0.0347288,-2.9106
1794,-0.0492818,-2.90889
1795,-0.0638263,-2.90648
1796,-0.0783587,-2.90335
1797,-0.0928754,-2.89951
1798,-0.107373,-2.89496
1799,-0.121848,-2.8897
1800,-0.136296,-2.88374
1801,-0.150715,-2.87708
1802,-0.1651,-2.86971
1803,-0.179449,-2.86165
1804,-0.193757,-2.8529
1805,-0.208022,-2.84345
1806,-0.222239,-2.83332
1807,-0.236405,-2.82251
1808,-0.250518,-2.81102
1809,-0.264573,-2.79886
1810,-0.278567,-2.78604
1811,-0.292498,-2.77255
1812,-0.30636,-2.7584
1813,-0.320152,-2.74361
1814,-0.33387,-2.72817
1815,-0.347511,-2.7121
1816,-0.361072,-2.6954
1817,-0.374549,-2.67807
1818,-0.387939,-2.66012
1819,-0.40124,-2.64157
1820,-0.414448,-2.62241
1821,-0.42756,-2.60266
1822,-0.440573,-2.58232
1823,-0.453485,-2.5614
1824,-0.466292,-2.53991
1825,-0.478991,-2.51786
1826,-0.49158,-2.49526
1827,-0.504057,-2.4721
1828,-0.516417,-2.44841
1829,-0.528659,-2.42419
1830,-0.54078,-2.39945
1831,-0.552778,-2.3742
1832,-0.564649,-2.34845
1833,-0.576391,-2.3222
1834,-0.588002,-2.29547
1835,-0.599479,-2.26826
1836,-0.61082,-2.24059
1837,-0.622023,-2.21245
1838,-0.633086,-2.18387
1839,-0.644005,-2.15485
1840,-0.654779,-2.1254
1841,-0.665406,-2.09553
1842,-0.675884,-2.06525
1843,-0.68621,-2.03457
1844,-0.696383,-2.00349
1845,-0.706401,-1.97203
1846,-0.716261,-1.94019
1847,-0.725962,-1.90798
1848,-0.735502,-1.87542
1849,-0.744879,-1.84251
1850,-0.754091,-1.80926
1851,-0.763137,-1.77568
1852,-0.772016,-1.74178
1853,-0.780725,-1.70756
1854,-0.789263,-1.67304
1855,-0.797628,-1.63822
1856,-0.805819,-1.60312
1857,-0.813834,-1.56773
1858,-0.821673,-1.53208
1859,-0.829333,-1.49616
1860,-0.836814,-1.45998
1861,-0.844114,-1.42356
1862,-0.851232,-1.3869
1863,-0.858166,-1.35001
1864,-0.864917,-1.3129
1865,-0.871481,-1.27557
1866,-0.877859,-1.23803
1867,-0.884049,-1.2003
1868,-0.890051,-1.16237
1869,-0.895862,-1.12425
1870,-0.901484,-1.08595
1871,-0.906913,-1.04749
1872,-0.912151,-1.00885
1873,-0.917195,-0.970063
1874,-0.922045,-0.931123
1875,-0.926701,-0.892038
1876,-0.931161,-0.852815
1877,-0.935425,-0.813462
1878,-0.939493,-0.773984
1879,-0.943363,-0.734388
1880,-0.947034,-0.69468
1881,-0.950508,-0.654867
1882,-0.953782,-0.614954
1883,-0.956857,-0.574948
1884,-0.959732,-0.534856
1885,-0.962406,-0.494682
1886,-0.964879,-0.454433
1887,-0.967152,-0.414115
1888,-0.969222,-0.373733
1889,-0.971091,-0.333294
1890,-0.972757,-0.292803
1891,-0.974221,-0.252266
1892,-0.975483,-0.211689
1893,-0.976541,-0.171077
1894,-0.977396,-0.130436
1895,-0.978049,-0.0897713
1896,-0.978497,-0.0490888
1897,-0.978743,-0.00839404
1898,-0.978785,0.0323075
1899,-0.978623,0.0730101
1900,-0.978258,0.113708
1901,-0.97769,0.154397
1902,-0.976918,0.195069
1903,-0.975942,0.235721
1904,-0.974764,0.276345
1905,-0.973382,0.316938
1906,-0.971797,0.357492
1907,-0.97001,0.398002
1908,-0.96802,0.438463
1909,-0.965828,0.478869
1910,-0.963433,0.519214
1911,-0.960837,0.559491
1912,-0.95804,0.599696
1913,-0.955041,0.639822
1914,-0.951842,0.679864
1915,-0.948443,0.719814
1916,-0.944844,0.759668
1917,-0.941045,0.799418
1918,-0.937048,0.839059
1919,-0.932853,0.878584
1920,-0.92846,0.917987
1921,-0.92387,0.957261
1922,-0.919084,0.9964
1923,-0.914102,1.0354
1924,-0.908925,1.07425
1925,-0.903554,1.11294
1926,-0.897989,1.15147
1927,-0.892232,1.18983
1928,-0.886282,1.22801
1929,-0.880142,1.26601
1930,-0.873812,1.30382
1931,-0.867293,1.34143
1932,-0.860586,1.37884
1933,-0.853692,1.41603
1934,-0.846612,1.453
1935,-0.839347,1.48974
1936,-0.831898,1.52624
1937,-0.824267,1.5625
1938,-0.816454,1.59851
1939,-0.808462,1.63425
1940,-0.800291,1.66972
1941,-0.791942,1.70492
1942,-0.783417,1.73983
1943,-0.774718,1.77445
1944,-0.765846,1.80876
1945,-0.756802,1.84276
1946,-0.747588,1.87643
1947,-0.738206,1.90978
1948,-0.728657,1.94279
1949,-0.718943,1.97545
1950,-0.709066,2.00775
1951,-0.699027,2.03969
1952,-0.688829,2.07125
1953,-0.678473,2.10243
1954,-0.66796,2.13322
1955,-0.657294,2.1636
1956,-0.646476,2.19357
1957,-0.635509,2.22311
1958,-0.624393,2.25223
1959,-0.613132,2.2809
1960,-0.601727,2.30913
1961,-0.590182,2.33689
1962,-0.578497,2.36419
1963,-0.566676,2.39101
1964,-0.554721,2.41734
1965,-0.542635,2.44318
1966,-0.530419,2.4685
1967,-0.518076,2.49332
1968,-0.50561,2.51761
1969,-0.493022,2.54137
1970,-0.480315,2.56458
1971,-0.467492,2.58724
1972,-0.454556,2.60935
1973,-0.441509,2.63088
1974,-0.428354,2.65184
1975,-0.415095,2.67222
1976,-0.401734,2.692
1977,-0.388274,2.71118
1978,-0.374718,2.72975
1979,-0.361069,2.7477
1980,-0.347331,2.76503
1981,-0.333506,2.78172
1982,-0.319597,2.79778
1983,-0.305608,2.81319
1984,-0.291542,2.82795
1985,-0.277403,2.84205
1986,-0.263192,2.85548
1987,-0.248915,2.86824
1988,-0.234574,2.88033
1989,-0.220172,2.89173
1990,-0.205713,2.90244
1991,-0.191201,2.91246
1992,-0.176639,2.92178
1993,-0.16203,2.9304
1994,-0.147378,2.93831
1995,-0.132687,2.94551
1996,-0.117959,2.952
1997,-0.103199,2.95778
1998,-0.08841,2.96283
1999,-0.0735959,2.96716
2000,-0.0587601,2.97077
